customer_id,first_name,last_name,mobile_e164,channel_preference,marketing_consent,account_mask,account_balance,last_salary_date,last_salary_amount,avg_monthly_spend_dining,current_month_spend_dining,next_loan_due_date,next_loan_due_amount,days_until_loan_due,high_debt_flag,pilot_group_flag,date,transaction_type,amount,savings_balance,loan_id,repayment_amount,repayment_status
C009,Linda,Arwa,2.56721E+11,Email,Y,9671,5234,7/10/2025,396950,42336,20204,11/6/2025,150321,4,Y,Y,3/2/2025,transport,-29610,1200000,L5,57305,partial
C002,Bridget,Tumusiime,2.56719E+11,Email,Y,1436,376316,4/27/2025,534862,31057,35165,12/13/2025,186244,30,Y,Y,10/7/2025,salary,263950,2100000,L1,85681,partial
C006,Asha,Byansi,2.56722E+11,Email,N,8254,431064,10/23/2025,292308,26241,39563,12/25/2025,189354,26,N,N,2/7/2025,transport,-41876,113141,L5,57459,missed
C010,Lorna,Nakato,2.56743E+11,Email,Y,9912,283499,6/9/2025,284369,23346,26704,12/5/2025,144644,3,Y,N,10/7/2025,groceries,-46847,38901,L5,193617,partial
C009,Sarah,Tumusiime,2.56784E+11,Email,N,6625,274523,5/7/2025,360933,43536,6605,1/1/2026,156892,22,Y,Y,4/16/2025,bonus,275192,165689,L5,89624,missed
C009,Sarah,Tumusiime,2.56712E+11,Email,N,4201,495471,3/14/2025,290351,49607,20638,1/30/2026,132597,9,Y,N,7/6/2025,salary,320172,158553,L2,70316,partial
C003,Rachel,Okello,2.56742E+11,Email,N,4738,10220,6/30/2025,580614,38846,28416,12/15/2025,185654,16,N,N,2/4/2025,entertainment,-14786,80626,L4,161902,partial
C010,Hannah,Nakato,2.56766E+11,Email,N,2929,413397,5/8/2025,515763,15201,21869,11/12/2025,137592,8,Y,N,4/4/2025,transport,-46060,19099,L3,141893,partial
C001,Linda,Achieng,2.56711E+11,WhatsApp,N,5870,123210,5/15/2025,518430,22632,17628,1/18/2026,64248,21,N,N,5/26/2025,bills,-48670,83339,L3,170309,partial
C001,Linda,Achieng,2.56758E+11,WhatsApp,N,3445,370305,2/20/2025,545388,30627,31201,12/12/2025,159490,2,Y,N,2/15/2025,airtime,-39392,112026,L3,73966,missed
C002,Grace,Namirembe,2.56755E+11,WhatsApp,Y,3127,290663,8/24/2025,361112,12376,27581,11/30/2025,118023,4,N,Y,6/12/2025,groceries,-21750,11960,L1,129784,missed
C007,Diana,Sanyu,2.56715E+11,WhatsApp,N,9952,178493,7/1/2025,539217,13798,13952,11/17/2025,111497,9,Y,N,9/1/2025,bills,-17108,52796,L1,158797,partial
C005,Joy,Nansubuga,2.5673E+11,WhatsApp,N,5437,130112,1/30/2025,419620,39758,41302,11/15/2025,148346,21,Y,Y,1/24/2025,bills,-13051,84407,L3,152520,paid
C001,Linda,Achieng,2.5675E+11,WhatsApp,Y,4346,189348,3/17/2025,340333,23864,46380,10/30/2025,83072,3,Y,Y,3/13/2025,bonus,454219,199504,L5,89094,paid
C009,Sarah,Tumusiime,2.56717E+11,WhatsApp,Y,2831,38680,6/14/2025,306992,46632,28936,11/14/2025,132276,19,N,N,5/7/2025,salary,490848,50861,L3,191265,paid
C005,Joy,Nansubuga,2.56752E+11,SMS,N,7025,233275,1/18/2025,532192,16580,48721,11/15/2025,81064,21,Y,Y,6/22/2025,groceries,-47829,36193,L5,103572,missed
C009,Sarah,Tumusiime,2.56766E+11,USSD,Y,7495,413896,6/14/2025,436318,13402,12826,12/12/2025,95322,30,Y,N,2/23/2025,bills,-47209,2383,L3,126079,missed
C003,Rachel,Okello,2.56711E+11,USSD,Y,4456,318429,1/22/2025,377424,47839,13724,1/5/2026,185887,12,N,N,4/10/2025,bills,-12858,32173,L2,63474,partial
C009,Sarah,Tumusiime,2.56752E+11,App,Y,4510,171959,4/4/2025,592633,38617,33414,11/21/2025,153970,16,Y,N,4/7/2025,entertainment,-17568,153947,L1,164481,paid
C003,Rachel,Okello,2.56795E+11,WhatsApp,Y,2912,57290,8/3/2025,593620,37475,43870,12/23/2025,174680,17,Y,N,5/31/2025,salary,394905,70235,L5,188460,partial
C002,Grace,Namirembe,2.56758E+11,WhatsApp,Y,8193,235735,5/27/2025,494378,49974,20216,11/18/2025,166545,26,Y,Y,3/24/2025,entertainment,-7608,70911,L1,105370,missed
C007,Diana,Sanyu,2.56729E+11,App,N,2625,145806,6/4/2025,531102,26162,28188,12/25/2025,78716,25,N,Y,9/5/2025,groceries,-10859,32832,L3,186056,partial
C010,Hannah,Nakato,2.56725E+11,WhatsApp,N,6894,102073,7/4/2025,438168,19717,27872,1/23/2026,52183,17,N,Y,8/1/2025,bills,-49864,12314,L3,148647,partial
C007,Diana,Sanyu,2.56791E+11,USSD,N,9402,114860,1/23/2025,487339,21392,20489,1/3/2026,52131,2,N,Y,2/26/2025,airtime,-20086,18020,L3,173106,missed
C001,Linda,Achieng,2.56757E+11,USSD,Y,7609,135906,3/10/2025,411172,21905,17575,12/20/2025,192456,15,Y,N,9/30/2025,entertainment,-29456,152021,L3,187152,paid
C009,Sarah,Tumusiime,2.56778E+11,SMS,N,5328,214361,4/12/2025,421317,35915,49564,1/5/2026,60551,13,Y,Y,8/20/2025,salary,400513,109886,L1,192589,partial
C002,Grace,Namirembe,2.56718E+11,WhatsApp,N,1765,97347,10/27/2025,360236,38515,18178,1/5/2026,129484,11,N,N,5/22/2025,bills,-11892,147129,L5,139903,partial
C005,Joy,Nansubuga,2.56728E+11,USSD,Y,8120,166590,5/4/2025,460228,49742,49569,12/11/2025,171571,20,Y,N,2/6/2025,bills,-27906,43829,L2,143719,partial
C002,Grace,Namirembe,2.56741E+11,USSD,Y,2166,447304,3/14/2025,468256,12878,8265,11/12/2025,133239,1,Y,Y,10/12/2025,salary,506308,55154,L4,97720,missed
C004,Faith,Kato,2.56717E+11,USSD,Y,9543,260510,6/29/2025,377343,6580,18829,12/14/2025,146576,26,Y,Y,1/7/2025,groceries,-11840,88332,L5,132568,missed
C009,Sarah,Tumusiime,2.56769E+11,WhatsApp,N,3003,139422,3/18/2025,512095,31054,22679,12/21/2025,108404,17,Y,Y,3/30/2025,bills,-34190,105187,L3,84691,partial
C010,Hannah,Nakato,2.56768E+11,SMS,N,1281,393492,9/11/2025,509454,7331,35729,1/7/2026,191843,20,Y,Y,3/5/2025,groceries,-24650,176615,L4,131914,paid
C003,Rachel,Okello,2.56784E+11,SMS,Y,6737,256676,2/12/2025,540100,36820,33509,12/30/2025,70025,1,Y,Y,8/27/2025,bills,-12654,60812,L3,160495,partial
C005,Joy,Nansubuga,2.56799E+11,App,Y,8906,285065,1/3/2025,450335,7590,35022,11/8/2025,198863,22,Y,Y,4/12/2025,airtime,-31372,127553,L2,175267,paid
C002,Grace,Namirembe,2.56743E+11,App,N,4423,232076,3/27/2025,419033,46814,5216,12/17/2025,67365,13,Y,N,10/14/2025,bills,-17096,46216,L4,77623,missed
C009,Sarah,Tumusiime,2.56793E+11,App,Y,4722,317697,8/8/2025,312586,31607,44533,12/15/2025,93627,29,N,N,1/6/2025,transport,-20327,65645,L4,170930,missed
C006,Mercy,Byansi,2.5673E+11,WhatsApp,Y,9070,387385,5/30/2025,441327,13121,24198,11/8/2025,123898,4,Y,Y,2/15/2025,entertainment,-41669,185818,L1,91952,partial
C009,Sarah,Tumusiime,2.56765E+11,USSD,Y,9032,172591,3/18/2025,515997,18492,37482,1/29/2026,125263,8,Y,Y,1/9/2025,salary,578009,158487,L2,153577,partial
C003,Rachel,Okello,2.56716E+11,App,Y,8566,25614,4/30/2025,534264,21998,38779,11/13/2025,99345,1,Y,Y,8/27/2025,bills,-13311,134842,L2,161300,paid
C004,Faith,Kato,2.56774E+11,WhatsApp,Y,4194,406683,3/1/2025,336599,36930,18968,1/21/2026,57110,10,N,Y,6/19/2025,airtime,-32205,7534,L3,138272,paid
C004,Faith,Kato,2.56761E+11,WhatsApp,Y,3514,238210,2/15/2025,391343,15457,34503,11/14/2025,136285,11,N,Y,5/7/2025,airtime,-16298,48761,L4,199343,missed
C002,Grace,Namirembe,2.56759E+11,App,N,4057,331735,5/3/2025,458695,48931,42823,12/2/2025,85157,11,Y,Y,6/18/2025,salary,592641,19730,L1,101382,paid
C005,Joy,Nansubuga,2.56724E+11,USSD,Y,1473,262501,1/16/2025,267625,18363,26205,1/16/2026,60436,28,N,Y,1/21/2025,groceries,-31059,119718,L2,199959,paid
C010,Hannah,Nakato,2.56796E+11,WhatsApp,N,3676,11649,1/25/2025,571582,7814,29162,1/4/2026,95147,3,Y,Y,9/8/2025,bills,-25977,128921,L4,162748,missed
C008,Esther,Mirembe,2.56787E+11,WhatsApp,N,2554,67385,4/12/2025,283509,23222,38942,2/4/2026,93769,9,N,Y,1/29/2025,transport,-44540,135444,L1,119354,partial
C004,Faith,Kato,2.56744E+11,USSD,N,6945,35090,1/22/2025,433616,17344,31715,11/12/2025,139896,18,Y,N,10/5/2025,entertainment,-24264,161327,L3,109969,partial
C009,Sarah,Tumusiime,2.56777E+11,WhatsApp,N,2205,405195,1/31/2025,430625,45702,43257,11/10/2025,103793,6,N,N,3/18/2025,transport,-24670,1151,L4,84453,missed
C009,Sarah,Tumusiime,2.56799E+11,WhatsApp,N,7568,284786,10/26/2025,445887,27533,40051,12/7/2025,112596,8,Y,Y,8/19/2025,bills,-36636,96935,L3,148621,paid
C009,Sarah,Tumusiime,2.56784E+11,USSD,Y,2851,149071,7/4/2025,412458,15039,21468,2/5/2026,78342,7,Y,N,1/10/2025,groceries,-24632,83773,L2,135367,partial
C005,Joy,Nansubuga,2.5677E+11,App,N,4935,488396,1/28/2025,345573,15362,44805,11/2/2025,68969,9,N,N,6/24/2025,salary,358426,154797,L1,188378,partial
C008,Esther,Mirembe,2.56793E+11,WhatsApp,Y,9466,56611,6/29/2025,472447,29417,37278,12/18/2025,165359,17,Y,Y,1/11/2025,bills,-30497,73605,L1,69936,missed
C007,Diana,Sanyu,2.56743E+11,App,Y,2348,16451,2/1/2025,244965,12967,12768,11/27/2025,95023,8,N,N,4/19/2025,entertainment,-25834,118226,L5,144339,partial
C006,Mercy,Byansi,2.56761E+11,App,Y,7967,303449,2/19/2025,376063,46269,30073,11/29/2025,128244,19,Y,N,10/10/2025,bills,-33129,161797,L3,121684,partial
C010,Hannah,Nakato,2.56748E+11,USSD,Y,8074,414003,8/16/2025,237688,22913,23769,12/10/2025,104336,23,Y,Y,10/14/2025,groceries,-10411,57708,L4,71753,partial
C004,Faith,Kato,2.5678E+11,WhatsApp,Y,1526,170426,10/11/2025,217381,33945,39719,12/30/2025,144544,29,N,N,6/20/2025,transport,-31393,106565,L1,196271,paid
C006,Mercy,Byansi,2.56744E+11,SMS,N,7507,337870,1/16/2025,310197,5051,44188,12/15/2025,129023,13,Y,Y,10/12/2025,bonus,426712,189659,L4,153865,partial
C009,Sarah,Tumusiime,2.56769E+11,USSD,N,9949,138175,6/7/2025,593622,19083,46372,11/3/2025,109888,14,N,N,10/24/2025,groceries,-30529,22961,L1,74878,partial
C002,Grace,Namirembe,2.56767E+11,USSD,N,8312,77477,5/29/2025,285296,40971,48737,1/12/2026,188729,10,N,N,8/30/2025,groceries,-28472,44743,L3,91538,partial
C010,Hannah,Nakato,2.56736E+11,USSD,N,8149,439055,2/26/2025,543962,45247,5213,12/23/2025,154446,14,Y,N,4/14/2025,salary,200716,186782,L2,148164,partial
C006,Mercy,Byansi,2.56748E+11,WhatsApp,N,4073,457098,9/5/2025,516508,28103,37610,12/21/2025,85954,15,N,Y,1/6/2025,entertainment,-43887,4746,L5,111664,paid
C005,Joy,Nansubuga,2.56783E+11,App,N,9516,88402,4/5/2025,439889,43631,27514,11/23/2025,199607,16,N,Y,4/28/2025,salary,441081,70325,L4,67530,partial
C007,Diana,Sanyu,2.56783E+11,USSD,Y,7484,298578,6/6/2025,237946,21886,20079,11/28/2025,177859,3,Y,N,7/3/2025,salary,348104,118271,L1,142009,missed
C010,Hannah,Nakato,2.56732E+11,USSD,Y,9171,307777,1/16/2025,471881,32507,12687,11/29/2025,177248,18,Y,N,3/27/2025,salary,238996,20229,L4,52297,paid
C007,Diana,Sanyu,2.56761E+11,USSD,N,7164,278978,9/19/2025,359555,21419,28831,1/13/2026,126021,9,Y,N,4/22/2025,salary,522942,61347,L3,156277,paid
C004,Faith,Kato,2.56793E+11,SMS,Y,6102,244059,8/1/2025,363802,13789,40240,1/11/2026,82610,15,N,N,10/23/2025,bills,-8416,182064,L5,166263,missed
C007,Diana,Sanyu,2.56734E+11,USSD,N,8043,39340,4/28/2025,460505,18725,14538,10/30/2025,167648,27,Y,N,4/15/2025,transport,-33712,110690,L3,199333,paid
C010,Hannah,Nakato,2.56796E+11,USSD,N,7702,355342,10/23/2025,547871,9205,26815,1/10/2026,111108,2,N,N,3/14/2025,bills,-32795,39779,L1,152302,partial
C001,Linda,Achieng,2.56751E+11,USSD,Y,9093,105791,6/18/2025,372789,46930,18343,11/4/2025,105440,5,N,N,9/1/2025,transport,-20864,171925,L3,119518,missed
C005,Joy,Nansubuga,2.56746E+11,USSD,N,3146,101735,5/31/2025,242033,16264,43903,12/6/2025,148942,18,Y,N,2/17/2025,salary,215261,172243,L3,179577,missed
C001,Linda,Achieng,2.56766E+11,USSD,Y,9086,56378,2/18/2025,424549,7044,43812,11/28/2025,115238,7,Y,N,2/26/2025,groceries,-14988,96793,L5,191633,partial
C002,Grace,Namirembe,2.56788E+11,USSD,N,1573,463888,1/9/2025,329723,48075,7559,11/23/2025,186695,5,N,N,1/18/2025,airtime,-17392,144104,L3,112959,paid
C004,Faith,Kato,2.56773E+11,USSD,N,7252,451574,9/7/2025,416382,44949,6078,1/23/2026,93184,8,N,Y,5/27/2025,entertainment,-28844,112941,L3,120926,paid
C004,Faith,Kato,2.56787E+11,SMS,Y,2187,6885,10/7/2025,288497,44817,44880,1/28/2026,188611,22,N,Y,2/2/2025,entertainment,-31900,34775,L5,74333,missed
C008,Esther,Mirembe,2.56769E+11,SMS,Y,3288,346334,2/5/2025,366502,14818,39481,1/10/2026,57347,24,N,Y,10/24/2025,groceries,-26361,156701,L3,99602,missed
C006,Mercy,Byansi,2.56786E+11,USSD,N,4827,298525,4/1/2025,212681,14406,22966,11/8/2025,146418,28,N,N,10/18/2025,transport,-43687,9573,L1,194694,paid
C001,Linda,Achieng,2.56768E+11,USSD,Y,6415,39963,8/23/2025,303391,20723,46541,1/5/2026,196287,9,Y,Y,10/16/2025,transport,-38405,14465,L1,174575,partial
C007,Diana,Sanyu,2.56728E+11,App,N,9989,109109,9/14/2025,235832,44466,17466,11/22/2025,87159,15,N,Y,8/11/2025,airtime,-33426,193062,L3,95000,partial
C002,Grace,Namirembe,2.56786E+11,WhatsApp,N,9703,192524,5/26/2025,547397,34942,18892,1/23/2026,193260,13,N,N,9/6/2025,salary,587173,39366,L5,165130,paid
C004,Faith,Kato,2.56763E+11,USSD,Y,7933,29689,4/8/2025,579839,37716,30447,1/29/2026,150279,3,N,N,2/2/2025,salary,218043,96477,L2,118717,missed
C007,Diana,Sanyu,2.56748E+11,WhatsApp,Y,9585,200143,6/28/2025,417293,28375,28699,12/30/2025,93084,6,Y,N,9/9/2025,bills,-36092,54476,L4,72630,partial
C006,Mercy,Byansi,2.56735E+11,App,Y,5003,184188,5/14/2025,318031,27778,12920,12/13/2025,169328,14,Y,N,7/25/2025,transport,-44694,25127,L4,170392,paid
C002,Grace,Namirembe,2.56748E+11,WhatsApp,N,1864,471372,3/27/2025,389306,13165,13315,11/3/2025,151342,21,N,Y,1/16/2025,airtime,-15901,37833,L2,57108,missed
C001,Linda,Achieng,2.56777E+11,WhatsApp,N,7806,60891,2/8/2025,359650,12046,30541,12/6/2025,58481,11,N,N,9/16/2025,transport,-31404,84733,L4,185855,partial
C007,Diana,Sanyu,2.56786E+11,App,N,7189,395790,8/9/2025,228403,37469,47053,1/23/2026,191456,8,Y,N,1/3/2025,entertainment,-19159,88378,L4,91321,paid
C004,Faith,Kato,2.56764E+11,App,Y,5557,115943,6/23/2025,503914,10031,42192,2/2/2026,50417,11,N,N,2/5/2025,salary,345969,37697,L4,143548,missed
C004,Faith,Kato,2.56776E+11,App,Y,8531,144055,9/10/2025,516403,20535,46494,12/23/2025,126413,24,Y,Y,1/7/2025,transport,-21527,37893,L2,189360,missed
C001,Linda,Achieng,2.56752E+11,USSD,Y,9159,281991,7/29/2025,542644,41915,15108,11/25/2025,123938,24,N,Y,3/6/2025,entertainment,-47305,20330,L5,188271,partial
C007,Diana,Sanyu,2.56728E+11,SMS,Y,2926,432870,5/26/2025,590732,9790,36389,1/16/2026,75009,27,Y,Y,7/10/2025,transport,-7588,49109,L1,98058,missed
C003,Rachel,Okello,2.56796E+11,App,Y,3863,462285,10/27/2025,379990,5991,24909,1/27/2026,127950,22,Y,N,5/13/2025,transport,-39204,115427,L2,105806,partial
C006,Mercy,Byansi,2.56773E+11,WhatsApp,N,7275,296354,8/14/2025,553341,47984,47323,1/13/2026,182435,9,Y,N,6/12/2025,airtime,-18407,118150,L4,153632,missed
C002,Grace,Namirembe,2.56771E+11,App,N,7416,341328,5/6/2025,459828,42248,18684,11/25/2025,62686,8,Y,N,7/29/2025,salary,435189,11220,L4,89088,partial
C004,Faith,Kato,2.56771E+11,App,Y,7468,346158,1/27/2025,377746,42220,33016,11/20/2025,71316,28,N,N,2/1/2025,bills,-32182,140635,L1,133915,paid
C004,Faith,Kato,2.56777E+11,SMS,Y,4234,37384,1/1/2025,359130,31205,24903,11/4/2025,75831,13,N,N,9/1/2025,transport,-38653,154874,L2,94068,partial
C006,Mercy,Byansi,2.56742E+11,WhatsApp,N,4875,460940,6/28/2025,310097,12910,34593,1/1/2026,151739,24,Y,N,1/13/2025,entertainment,-13349,120241,L2,137725,paid
C005,Joy,Nansubuga,2.56767E+11,SMS,Y,8859,93990,2/1/2025,505636,25006,49086,11/8/2025,90524,20,N,Y,5/1/2025,airtime,-19321,132059,L1,183794,paid
C007,Diana,Sanyu,2.56729E+11,USSD,N,1918,483050,8/31/2025,257377,46605,38336,1/11/2026,116356,17,N,N,6/19/2025,bills,-26230,141546,L3,84816,partial
C001,Linda,Achieng,2.56772E+11,WhatsApp,N,8382,374951,9/5/2025,286374,45294,18576,1/20/2026,193195,11,Y,N,1/8/2025,bills,-12911,33619,L1,167898,paid
C006,Mercy,Byansi,2.56739E+11,App,Y,7692,346478,8/14/2025,431832,45560,13083,11/12/2025,59400,4,Y,N,2/20/2025,salary,285215,35485,L4,182747,missed
C003,Rachel,Okello,2.5679E+11,SMS,N,5600,430969,4/30/2025,358854,15479,28006,12/22/2025,187558,5,N,N,5/13/2025,entertainment,-13679,30965,L1,104447,missed
C004,Faith,Kato,2.56749E+11,WhatsApp,Y,6888,488403,8/29/2025,362101,15623,9479,12/10/2025,148782,27,N,Y,4/29/2025,salary,581774,131109,L5,114768,paid
C008,Esther,Mirembe,2.56714E+11,App,N,4929,56530,7/19/2025,204209,11909,24580,12/13/2025,96740,10,N,N,8/5/2025,groceries,-14366,187898,L5,88298,partial
C004,Faith,Kato,2.56726E+11,WhatsApp,N,6536,418332,3/20/2025,417931,38576,15046,1/22/2026,75648,23,Y,Y,7/17/2025,transport,-33813,163622,L3,118557,partial
C007,Diana,Sanyu,2.5679E+11,SMS,Y,2902,479758,8/27/2025,450012,36280,26866,12/17/2025,136208,30,N,N,5/10/2025,groceries,-26732,123828,L3,144478,paid
C009,Sarah,Tumusiime,2.56723E+11,SMS,N,3543,391137,2/3/2025,268226,6980,6107,12/10/2025,181846,22,Y,N,7/5/2025,salary,419089,180980,L3,83577,paid
C002,Grace,Namirembe,2.56776E+11,App,Y,3638,182247,5/16/2025,280168,10604,10641,1/28/2026,102191,9,N,N,8/7/2025,bills,-21412,140477,L4,105852,partial
C001,Linda,Achieng,2.56745E+11,USSD,N,1547,317777,3/13/2025,337784,28008,41423,1/30/2026,184230,20,Y,N,1/30/2025,groceries,-24762,36779,L1,52315,paid
C002,Grace,Namirembe,2.56796E+11,WhatsApp,N,8720,271373,4/3/2025,214373,15938,22432,11/9/2025,142589,18,Y,N,1/21/2025,bonus,229333,46910,L4,152161,partial
C001,Linda,Achieng,2.5675E+11,WhatsApp,N,7812,361418,9/12/2025,448331,7690,6153,12/25/2025,138188,10,Y,Y,9/27/2025,transport,-5075,121936,L5,139250,paid
C002,Grace,Namirembe,2.56748E+11,SMS,Y,1704,441143,9/13/2025,400874,14963,14327,2/5/2026,113261,10,Y,Y,3/14/2025,entertainment,-48665,51878,L4,81915,paid
C003,Rachel,Okello,2.56786E+11,SMS,N,2976,471602,4/6/2025,230534,36945,15031,1/15/2026,58418,23,Y,N,8/21/2025,bills,-30239,177265,L2,117685,missed
C003,Rachel,Okello,2.56727E+11,App,N,8824,240023,1/18/2025,357703,36371,29271,2/4/2026,179218,10,N,Y,4/16/2025,airtime,-14251,35299,L5,157414,missed
C004,Faith,Kato,2.56785E+11,SMS,Y,5907,422561,8/13/2025,461763,21664,28979,1/14/2026,109302,5,N,Y,6/30/2025,groceries,-11977,3253,L2,132224,missed
C007,Diana,Sanyu,2.56715E+11,SMS,N,6067,178660,6/10/2025,314915,5153,12499,11/28/2025,122766,15,N,Y,5/10/2025,salary,570542,72271,L3,121553,missed
C002,Grace,Namirembe,2.5677E+11,WhatsApp,Y,5446,165548,9/16/2025,202071,14221,15726,2/2/2026,163700,6,Y,Y,8/20/2025,groceries,-17192,33779,L2,119879,paid
C005,Joy,Nansubuga,2.56771E+11,USSD,Y,5170,412376,8/19/2025,434533,16367,27419,12/27/2025,138119,18,N,N,5/19/2025,salary,370862,35761,L1,142252,missed
C002,Grace,Namirembe,2.56717E+11,USSD,Y,6018,166260,1/12/2025,546162,27532,13699,1/10/2026,193520,27,N,Y,3/1/2025,entertainment,-42224,69430,L5,74328,paid
C005,Joy,Nansubuga,2.56778E+11,App,N,7477,54131,6/18/2025,270650,28472,36666,1/2/2026,175626,19,N,N,5/25/2025,entertainment,-19608,81050,L4,166463,missed
C009,Sarah,Tumusiime,2.56774E+11,WhatsApp,N,4025,140701,9/4/2025,415033,14671,9703,11/28/2025,107079,23,Y,Y,4/17/2025,bills,-24749,81556,L1,129340,paid
C006,Mercy,Byansi,2.56778E+11,App,Y,2194,490852,7/12/2025,202543,14827,6776,10/30/2025,79990,19,Y,Y,4/7/2025,entertainment,-21008,193471,L4,75844,partial
C010,Hannah,Nakato,2.56742E+11,App,Y,9662,390459,4/24/2025,301857,29475,33413,1/22/2026,158512,17,N,Y,1/27/2025,groceries,-17736,42642,L4,60502,partial
C007,Diana,Sanyu,2.56738E+11,App,Y,9634,177606,9/14/2025,542220,10313,29405,2/3/2026,173367,21,N,Y,3/6/2025,bills,-11414,197853,L5,177235,missed
C009,Sarah,Tumusiime,2.56763E+11,App,Y,5898,277937,9/17/2025,468367,36577,43695,12/24/2025,136153,26,N,Y,2/28/2025,airtime,-32777,34419,L4,181292,paid
C010,Hannah,Nakato,2.56716E+11,WhatsApp,N,8589,132209,5/19/2025,358738,42069,20780,11/1/2025,182465,13,N,N,3/31/2025,bills,-5748,55902,L4,84734,partial
C001,Linda,Achieng,2.5678E+11,USSD,N,3136,124025,6/25/2025,375666,36588,22387,12/16/2025,180513,23,Y,Y,5/3/2025,airtime,-11836,129129,L1,123080,missed
C007,Diana,Sanyu,2.5678E+11,USSD,N,8445,176712,1/4/2025,247602,46106,25873,1/8/2026,127495,21,Y,Y,8/24/2025,bills,-35713,140281,L4,90611,paid
C009,Sarah,Tumusiime,2.56734E+11,App,Y,1840,469782,10/5/2025,310925,43957,29675,1/29/2026,199711,29,Y,N,4/3/2025,airtime,-21008,31046,L1,121112,partial
C010,Hannah,Nakato,2.56712E+11,SMS,Y,2893,423886,10/23/2025,352464,9429,16926,11/9/2025,190959,9,N,N,4/29/2025,entertainment,-14449,166302,L3,196602,missed
C008,Esther,Mirembe,2.56722E+11,USSD,Y,2088,336695,10/7/2025,430506,42198,48364,10/29/2025,132582,3,N,N,4/14/2025,groceries,-36596,71138,L5,104919,paid
C010,Hannah,Nakato,2.56742E+11,SMS,N,2533,249438,10/3/2025,452311,22389,40761,11/7/2025,166368,4,Y,N,2/19/2025,transport,-19646,134374,L5,162228,missed
C003,Rachel,Okello,2.56755E+11,WhatsApp,Y,9343,39433,4/19/2025,432834,33980,6474,12/7/2025,110034,20,Y,Y,10/19/2025,airtime,-25629,86442,L4,92432,missed
C002,Grace,Namirembe,2.56716E+11,App,Y,3486,153050,1/27/2025,317120,5964,34853,11/21/2025,150865,13,N,N,9/12/2025,entertainment,-34686,95432,L4,98635,missed
C008,Esther,Mirembe,2.56748E+11,App,Y,9085,473403,7/9/2025,397092,24269,44347,12/5/2025,118790,19,N,N,9/17/2025,bonus,599173,82898,L4,88641,paid
C005,Joy,Nansubuga,2.56784E+11,USSD,Y,6640,385958,7/3/2025,481146,13365,33666,1/15/2026,178308,20,N,N,10/23/2025,groceries,-45140,37726,L1,108328,missed
C004,Faith,Kato,2.56768E+11,App,Y,3943,379677,10/5/2025,472172,15887,7692,11/20/2025,148046,6,N,N,7/9/2025,transport,-36906,24011,L1,197645,paid
C010,Hannah,Nakato,2.56798E+11,WhatsApp,N,9718,140196,5/11/2025,554868,22445,9160,10/30/2025,183532,18,N,N,1/23/2025,entertainment,-19305,177420,L4,196299,missed
C008,Esther,Mirembe,2.56791E+11,App,Y,7857,431387,1/4/2025,206197,42681,37048,1/17/2026,63635,14,N,Y,6/10/2025,entertainment,-9839,10784,L3,95876,paid
C002,Grace,Namirembe,2.56737E+11,SMS,N,5609,249282,1/16/2025,535665,22041,49057,1/26/2026,114713,7,N,Y,7/28/2025,airtime,-11132,88440,L4,167001,missed
C009,Sarah,Tumusiime,2.5678E+11,App,Y,7657,493234,5/24/2025,509512,17353,13483,11/10/2025,199242,9,N,Y,8/1/2025,airtime,-7567,66937,L3,179816,paid
C006,Mercy,Byansi,2.56769E+11,USSD,N,8318,259898,3/15/2025,233916,18470,13075,1/19/2026,172341,19,N,Y,9/24/2025,groceries,-45457,135080,L2,123191,missed
C006,Mercy,Byansi,2.56795E+11,USSD,N,2224,123729,3/5/2025,449590,39315,41596,12/22/2025,198836,9,Y,Y,5/13/2025,groceries,-16836,85408,L4,75196,partial
C001,Linda,Achieng,2.56746E+11,SMS,Y,2386,282223,1/15/2025,537741,39586,18002,12/31/2025,110036,15,N,Y,7/18/2025,bills,-30630,117653,L2,118608,partial
C006,Mercy,Byansi,2.56727E+11,SMS,N,9852,207538,3/1/2025,372643,40672,16446,12/26/2025,158909,20,N,Y,5/28/2025,entertainment,-38861,177766,L1,102126,paid
C007,Diana,Sanyu,2.56753E+11,WhatsApp,N,8912,316907,7/29/2025,269573,26821,35308,12/21/2025,159593,19,Y,N,10/4/2025,entertainment,-14049,25378,L3,104085,paid
C001,Linda,Achieng,2.56798E+11,SMS,Y,2368,284245,10/1/2025,227193,37323,49051,12/22/2025,83164,4,N,Y,10/16/2025,bills,-32748,61202,L2,156473,partial
C006,Mercy,Byansi,2.56727E+11,SMS,N,4597,99684,10/25/2025,457662,27988,11554,11/5/2025,85517,1,Y,N,7/8/2025,entertainment,-47246,78817,L2,195751,missed
C004,Faith,Kato,2.56718E+11,App,Y,2290,298640,9/26/2025,579088,26022,32277,12/2/2025,117996,8,N,N,4/22/2025,groceries,-28907,107872,L3,63899,partial
C002,Grace,Namirembe,2.56779E+11,USSD,N,9719,336659,10/18/2025,415716,12299,44435,1/8/2026,142190,27,Y,Y,1/20/2025,groceries,-16325,95826,L2,195595,partial
C006,Mercy,Byansi,2.56763E+11,App,N,5951,167967,6/25/2025,365942,49590,10463,1/8/2026,54487,10,Y,Y,4/18/2025,groceries,-33064,126422,L1,166371,partial
C007,Diana,Sanyu,2.56785E+11,SMS,Y,3345,258346,1/1/2025,207303,40558,19931,11/11/2025,98627,19,Y,Y,2/18/2025,bills,-21167,37789,L5,101745,paid
C003,Rachel,Okello,2.5675E+11,App,N,9854,396815,3/14/2025,348461,10077,40522,12/11/2025,76627,19,Y,Y,8/23/2025,bills,-21170,51742,L4,162161,partial
